number,0_Area under the curve,0_Autocorrelation,0_Centroid,0_Mean absolute diff,0_Mean diff,0_Median absolute diff,0_Median diff,0_Negative turning points,0_Neighbourhood peaks,0_Positive turning points,0_Signal distance,0_Slope,0_Sum absolute diff,0_Zero crossing rate
control_1,804886.0,738816432.0,1630.23400663211,136.08002222839679,-0.01667129758266185,43.0,0.0,619.0,144.0,773.0,490932.345115994,-0.017077410525520365,489752.0,543.0
control_1,837776.0,476905330.0,1909.842083893254,91.7404834676299,0.07335370936371215,0.0,0.0,406.0,100.0,509.0,332167.7000768072,0.07049972534720103,330174.0,367.0
control_1,898694.5,779596611.0,2113.790082891984,138.52264517921645,-0.07585440400111142,43.0,0.0,640.0,150.0,761.0,499762.0464038569,0.04040011718622311,498543.0,443.0
control_1,625250.0,503482648.0,1733.6603114016355,109.88052236732426,0.04667963323145318,17.0,0.0,504.0,139.0,667.0,396980.98566117603,-0.007308517539237464,395460.0,555.0
control_1,1037355.0,998187186.0,1664.4006311908315,153.03195332036677,-0.035009724923589884,51.0,0.0,624.0,123.0,743.0,551985.5610615121,-0.04285254908841685,550762.0,445.0
control_1,617369.0,810965589.0,2012.0172749623289,91.14809669352599,0.0,0.0,0.0,391.0,94.0,495.0,330119.1842582877,-0.030473407572536616,328042.0,358.0
control_1,229678.0,519722354.0,1328.9835769600165,25.481522645179215,0.0,0.0,0.0,43.0,24.0,88.0,95027.20642033644,-0.017101006463555037,91708.0,106.0
control_1,194.0,37636.0,3552.0,0.10780772436787997,0.0,0.0,0.0,0.0,1.0,1.0,3985.0051546049353,8.744470839336747e-05,388.0,2.0
control_1,2907.5,15865.0,2213.8081311062087,0.3720477910530703,0.0008335648791330926,0.0,0.0,118.0,3.0,150.0,4610.137637319455,0.0009261200560277826,1339.0,391.0
control_1,6219.5,3168711.0,396.1815826687887,0.9805501528202278,-0.0008335648791330926,0.0,0.0,80.0,12.0,137.0,6840.651522402124,-0.0021073336245370613,3529.0,331.0
control_1,0.0,0.0,0.0,0.0,0.0,0.0,0.0,0.0,0.0,0.0,3599.0,0.0,0.0,0.0
control_1,4797.5,14437.0,2617.4152524762762,0.14198388441233675,0.0008335648791330926,0.0,0.0,47.0,1.0,37.0,3968.298408275305,0.0010100534472777872,511.0,167.0
control_1,7725.0,23214.0,1784.1694236236754,0.07779938871908863,0.0,0.0,0.0,21.0,0.0,18.0,3801.102354566415,-3.3395835910172666e-05,280.0,92.0
control_1,8760.0,26289.0,1874.2434097911673,0.051681022506251735,0.0,0.0,0.0,17.0,4.0,19.0,3733.0612149304397,0.0001684610469491551,186.0,62.0
control_10,1109505.5,1068362464.0,2200.880242305106,162.1914420672409,0.021394831897749374,51.0,0.0,645.0,129.0,750.0,584924.8260780517,0.10026202496877774,583727.0,378.0
control_10,579477.5,491119338.0,1421.1567377316346,82.43762156154487,-0.12531258682967492,0.0,0.0,431.0,69.0,476.0,298790.8056864005,-0.052096848670024384,296693.0,336.0
control_10,1209734.0,1245556419.0,2192.1238063933897,160.65073631564323,0.06446235065295916,58.0,0.0,694.0,127.0,795.0,579209.6233339338,0.08455537805211254,578182.0,392.0
control_10,1013095.0,923846588.0,1839.9147469146685,156.19449847179771,0.18505140316754654,56.0,0.0,635.0,137.0,759.0,563351.2054704514,-0.0008046361217568992,562144.0,428.0
control_10,1347270.5,1340311104.0,2039.9017646846266,186.59599888858017,0.39149763823284245,88.0,0.0,746.0,138.0,845.0,672463.5900342556,0.03341584568537905,671559.0,344.0
control_10,809496.5,741533684.0,1563.2717153358606,108.15198666296193,-0.559322033898305,0.0,0.0,428.0,105.0,525.0,391225.3425652948,-0.05128300987266021,389239.0,266.0
control_11,671758.5,470420584.0,1823.8694094198054,124.92164490136149,0.0002778549597110308,37.0,0.0,624.0,131.0,738.0,450835.2361522866,0.002901927435848339,449593.0,434.0
control_11,635886.0,538607607.0,1655.836686873975,108.38955265351487,0.08002222839677688,17.0,0.0,496.0,137.0,636.0,391689.3630118632,-0.01976361893752205,390094.0,464.0
control_11,746993.0,617088250.0,2240.117462721094,115.87274242845234,0.011669908307863295,35.0,0.0,630.0,129.0,752.0,418248.2852827907,0.01649786881413599,417026.0,474.0
control_11,822931.5,644662586.0,2156.1778248582896,127.6018338427341,0.16643512086690748,37.0,0.0,587.0,133.0,683.0,460615.9969765808,0.04716874335149771,459239.0,350.0
control_11,684429.0,542102125.0,1330.3057121681638,117.82495137538206,-0.19394276187829954,30.0,0.0,586.0,129.0,733.0,425360.06492231984,-0.07477528136126144,424052.0,484.0
control_11,437253.0,248558151.0,1398.7017774806347,78.05001389274798,0.0,2.0,0.0,490.0,102.0,568.0,282727.6858702027,-0.04234076162608758,280902.0,312.0
control_12,693301.0,391302298.0,2027.5126412751094,98.8035565434843,0.08669074742984162,32.0,0.0,615.0,138.0,726.0,356887.34731965506,0.020985193748857572,355594.0,374.0
control_12,611948.0,335606534.0,1860.5609340639357,83.8438455126424,-0.054459572103362046,20.0,0.0,579.0,123.0,707.0,303139.37029163155,0.009649038038763234,301754.0,428.0
control_12,542301.5,238776061.0,1714.2215131398789,83.83856626840789,-0.034176160044456796,35.0,0.0,676.0,130.0,793.0,302825.7663281698,-0.010483012768751002,301735.0,460.0
control_12,431985.0,189121881.0,1562.7359717884785,70.65018060572382,0.02222839677688247,18.0,0.0,547.0,137.0,711.0,255717.9153778478,-0.016053698126571366,254270.0,530.0
control_12,494058.5,305396002.0,1465.3018044486384,64.41594887468742,-0.014170602945262572,2.0,0.0,424.0,120.0,621.0,233604.5885480012,-0.040267971985697426,231833.0,604.0
control_12,405179.5,202650988.0,1616.0110103978373,73.80466796332314,0.0008335648791330926,9.0,0.0,533.0,112.0,661.0,267225.04461330746,-0.02361480377686243,265623.0,514.0
control_12,15542.5,2320547.0,3062.6613893189838,2.0047235343150875,-0.0013892747985551543,0.0,0.0,63.0,18.0,87.0,10628.016729139183,0.0020396939588241234,7215.0,55.0
control_12,601.0,1204.0,3434.504983388704,0.07057515976660184,0.0005557099194220616,0.0,0.0,35.0,2.0,53.0,3755.9806331424734,0.0002531566553361618,254.0,127.0
control_12,6745.0,13529.0,1896.0073176140143,0.14837454848569048,0.0,0.0,0.0,97.0,1.0,74.0,3931.04784913213,0.00017574139730514916,534.0,262.0
control_13,804220.5,560916532.0,1865.1150987255978,128.26701861628231,0.20366768546818562,52.0,0.0,687.0,133.0,779.0,462679.3811794743,0.011541665756815785,461633.0,364.0
control_13,577449.0,378466241.0,1458.6823525615328,96.93303695470964,-0.09224784662406224,25.0,0.0,561.0,148.0,737.0,350250.606732504,-0.03012309015867467,348862.0,579.0
control_13,753748.0,496430694.0,1681.2161116109392,119.46207279799944,0.02333981661572659,48.0,0.0,733.0,152.0,845.0,430894.18242391536,-0.01280167459889463,429944.0,436.0
control_13,603140.5,392552865.0,2147.2692050712712,97.41178105029175,0.06474020561267019,28.0,0.0,595.0,149.0,773.0,351879.69801629765,0.031861078718704645,350585.0,570.0
control_13,664856.0,436050742.0,1254.371711040455,115.13920533481523,-0.11392053348152265,45.0,0.0,637.0,145.0,810.0,415513.5699838459,-0.06736192340755581,414386.0,614.0
control_13,324655.0,161209889.0,1528.8032478268128,53.6876910252848,-0.026674076132258962,0.0,0.0,372.0,105.0,511.0,195266.19161243513,-0.028153368298871047,193222.0,431.0
control_14,1573725.5,1986795939.0,1825.334583966552,207.6173937204779,0.03028619060850236,76.0,0.0,704.0,126.0,776.0,748215.7524999296,0.028149942115479103,747215.0,250.0
control_14,1264218.0,1680573742.0,1705.0155452059896,185.29869408168935,-0.08724645734926369,51.0,0.0,660.0,143.0,795.0,667976.5281516778,-0.06697890717429847,666890.0,456.0
control_14,1300097.0,1572978938.0,1751.8325289852037,186.72631286468464,0.35621005834954156,64.0,0.0,711.0,145.0,813.0,672947.3714158931,-0.006261317355554324,672028.0,338.0
control_14,1065722.5,1151824073.0,1567.5800878013079,153.23728813559322,-0.783828841344818,37.0,0.0,599.0,132.0,708.0,552744.0944451612,-0.05688479721333315,551501.0,421.0
control_14,1605046.0,1895314198.0,1754.087012268559,215.89608224506807,0.007779938871908864,98.0,0.0,811.0,128.0,876.0,777689.1392870494,-0.016025091257080144,777010.0,239.0
control_14,824321.5,1176471777.0,1235.6889109639899,106.29591553209225,0.08085579327590997,0.0,0.0,404.0,94.0,488.0,384633.849048368,-0.0981499019920192,382559.0,248.0
control_15,1199008.5,1110065006.0,1880.3241575079433,167.60072242289525,0.09196999166435121,63.0,0.0,661.0,127.0,765.0,604375.1245708198,0.04779459885246397,603195.0,380.0
control_15,919871.0,756379390.0,1546.9026447679914,132.04723534315087,-0.0855793275909975,35.0,0.0,559.0,126.0,709.0,476642.5252384027,-0.05474880103514411,475238.0,466.0
control_15,1140343.0,1034748435.0,1768.1871302777085,162.0027785495971,0.07113086968602389,71.0,0.0,707.0,136.0,819.0,584066.8423182226,0.0002985032380532477,583048.0,464.0
control_15,1060944.0,894661188.0,1931.9837144706896,156.13059183106418,-0.04223395387607669,63.0,0.0,661.0,133.0,794.0,563081.4487986199,0.02923906552770566,561914.0,462.0
control_15,1162105.0,1227815193.0,2057.317480285488,146.9752709085857,0.02389552653514865,49.0,0.0,662.0,134.0,781.0,530079.8425806843,0.007991542669100515,528964.0,450.0
control_15,700702.5,665971393.0,1495.3299806768127,112.79105307029731,0.04918032786885246,0.0,0.0,421.0,95.0,517.0,407871.81461773894,-0.06389008016127164,405935.0,338.0
control_16,872131.0,580428213.0,2079.5232014144012,142.6023895526535,0.04334537371492081,63.0,0.0,749.0,146.0,831.0,514152.1620315586,0.06040078230973119,513226.0,110.0
control_16,939145.0,796134231.0,1826.2003774524298,139.6148930258405,-0.01667129758266185,52.0,0.0,652.0,160.0,794.0,503558.78686060914,-0.010088666802109077,502474.0,334.0
control_16,991820.5,818921776.0,1338.6252510923582,161.91080855793277,0.03473186996387886,78.0,0.0,824.0,151.0,913.0,583393.5210055988,-0.025418020479785544,582717.0,220.0
control_16,821763.0,587430861.0,1792.0945086625268,130.5946096137816,-0.10336204501250347,54.0,0.0,670.0,153.0,789.0,471071.1362198056,-0.012297609616585114,470010.0,381.0
control_16,844099.5,506985620.0,1914.6894929248683,138.9822172825785,0.09030286190608502,72.0,0.0,738.0,144.0,852.0,501067.86952527956,0.018197450735400036,500197.0,433.0
control_16,541880.5,372427363.0,1101.9223810764947,85.86635176437899,-0.05529313698249514,0.0,0.0,428.0,101.0,526.0,310981.56464259734,-0.09253350032408694,309033.0,302.0
control_17,815496.0,533779207.0,1838.5080090783679,125.22700750208391,0.024451236454570716,57.0,0.0,674.0,143.0,790.0,451615.0747978901,0.01638988050847846,450692.0,436.0
control_17,911591.5,657539164.0,1830.7007455346036,109.41400388996944,-0.01694915254237288,24.0,0.0,495.0,126.0,647.0,395316.80103292735,0.012392708260754238,393781.0,489.0
control_17,939314.0,774870281.0,2032.1890368679658,142.21450402889693,0.028341205890525144,60.0,0.0,667.0,136.0,803.0,512767.8323097918,0.015460533986152332,511830.0,511.0
control_17,793609.0,510154373.0,1727.4009871478647,124.24951375382051,0.15282022784106697,56.0,0.0,661.0,141.0,798.0,448246.41938521364,-0.005931706347611097,447174.0,490.0
control_17,1150310.5,981505643.0,1942.487580688316,152.48819116421228,0.2675743262017227,72.0,0.0,697.0,141.0,831.0,549700.5992394465,0.02204723536887108,548805.0,522.0
control_17,492345.0,311140326.0,1146.1874628620142,72.55626562934148,-0.31842178382884134,0.0,0.0,389.0,100.0,506.0,263132.58514330984,-0.0807136078225521,261130.0,403.0
control_17,462.0,144964.0,80.00358709748627,0.2511808835787719,0.0,0.0,0.0,1.0,3.0,4.0,4495.538914087778,-0.00020362321530014522,904.0,6.0
control_17,2481.0,746710.0,3409.7599054519155,0.7307585440400111,0.1072520144484579,0.0,0.0,7.0,3.0,12.0,6197.078625341949,0.0011111955589914275,2630.0,13.0
control_18,968371.0,770428877.0,2081.5323201845663,151.93053626007224,0.0,76.0,0.0,784.0,131.0,893.0,547652.6653564143,0.039723678862423804,546798.0,404.0
control_18,904256.5,750178282.0,1999.5651262882068,140.2770213948319,-0.025284801333703807,51.0,0.0,628.0,137.0,763.0,506046.24257776805,0.01514033681638403,504857.0,447.0
control_18,1110260.0,1003307088.0,1994.1220827864818,163.01917199222007,0.38788552375659907,74.0,0.0,753.0,141.0,858.0,587545.3376405674,0.03651232792018998,586706.0,364.0
control_18,987547.5,759922999.0,1740.1860181441882,151.42122811892193,-0.1864406779661017,61.0,0.0,700.0,135.0,792.0,546072.1898549937,0.004312188732936377,544965.0,360.0
control_18,1339641.5,1144747292.0,1641.9137202999384,199.73909419283135,0.2981383717699361,96.0,0.0,764.0,145.0,847.0,719693.0441041952,-0.04233993562293737,718861.0,270.0
control_18,619552.0,617797703.0,1062.5645286771162,82.18338427340927,-0.17393720477910532,0.0,0.0,361.0,67.0,424.0,298056.98493979924,-0.1180401267777876,295778.0,211.0
control_19,918764.5,752017582.0,1696.5514868201578,126.26535148652404,0.14198388441233675,44.0,0.0,650.0,136.0,766.0,455615.5087088564,-0.012408066543832268,454429.0,394.0
control_19,725517.0,459954827.0,1884.3346471674272,110.15559877743817,-0.2889691580994721,29.0,0.0,570.0,125.0,669.0,397909.4086428669,0.008079695710881882,396450.0,330.0
control_19,910016.5,677259394.0,2217.499442089688,131.33342595165323,-0.006390664073353709,50.0,0.0,712.0,133.0,819.0,473659.66291288304,0.06847315265996555,472669.0,460.0
control_19,714292.0,577240159.0,1529.6574085570508,107.8438455126424,-0.018894137260350097,26.0,0.0,562.0,125.0,715.0,389507.8301910354,-0.01579014898072141,388130.0,506.0
control_19,843510.0,577937784.0,1886.0586897239443,130.37899416504584,0.3167546540705752,48.0,0.0,636.0,142.0,757.0,470354.9303246877,0.005714661963579912,469234.0,386.0
control_19,533605.0,369263867.0,1265.748375185596,78.26507363156432,-0.3712142261739372,0.0,0.0,404.0,101.0,478.0,283710.31136617996,-0.0660901443742396,281676.0,277.0
control_19,174.0,792.0,3332.75,0.09669352597943873,0.0,0.0,0.0,29.0,1.0,53.0,3857.9323894121517,7.51165181417067e-05,348.0,106.0
control_2,1282135.5,1205030226.0,2077.2204441816216,179.88469019171993,-0.05029174770769658,89.0,0.0,745.0,148.0,835.0,648352.1267803044,0.05116806696255665,647405.0,287.0
control_2,1295348.5,1408568489.0,1557.7844496015841,180.2064462350653,0.004723534315087524,66.0,0.0,610.0,152.0,748.0,649780.7589012935,-0.031163380619602374,648563.0,441.0
control_2,1682705.5,2190063860.0,1743.0758868803032,206.20200055570993,-0.11697693803834398,76.0,0.0,659.0,135.0,787.0,743220.3897878283,-0.03358740794141521,742121.0,415.0
control_2,1516957.0,1872382741.0,1570.652650289517,197.40928035565435,0.0,69.0,0.0,587.0,148.0,733.0,711726.6798927273,-0.05644406955586959,710476.0,368.0
control_2,1241375.5,1209960238.0,1691.7642592830393,181.44679077521533,0.014726312864684635,69.0,0.0,649.0,133.0,775.0,654124.8759092104,-0.01464548852717245,653027.0,383.0
control_2,1151474.5,1046781807.0,1810.1748925724307,167.06668519033065,0.09585996110030565,69.0,0.0,655.0,142.0,774.0,602441.8916986592,0.0066569929262083076,601273.0,338.0
control_2,1868808.0,2158866896.0,1964.7984072988445,245.47540983606558,-0.04667963323145318,123.0,0.0,755.0,135.0,846.0,884283.9147509614,0.045902890630367135,883466.0,292.0
control_2,2018715.5,2314886378.0,1784.0077698483049,239.71964434565157,0.6304529035843289,120.0,0.0,717.0,139.0,809.0,863737.9433012537,-0.006638934925843788,862751.0,271.0
control_20,1327699.0,1240988799.0,1944.6492542065241,178.81300361211447,0.0,81.0,0.0,694.0,141.0,792.0,644633.7870470047,0.04202182615909153,643548.0,348.0
control_20,1174463.5,1106374844.0,1735.9018761827524,153.3578771881078,0.1675465407057516,41.0,0.0,550.0,138.0,690.0,553317.2838098562,-0.008740588894592774,551935.0,452.0
control_20,1589125.0,1490131579.0,1618.9348234864835,200.8619060850236,-0.19060850236176716,105.0,0.0,726.0,151.0,819.0,723785.1460233683,-0.05323601503878719,722902.0,346.0
control_20,1202377.0,1617093669.0,1522.3446756484705,174.08724645734927,0.0,53.0,0.0,574.0,153.0,737.0,627816.303280307,-0.03895503245537802,626540.0,460.0
control_20,1261247.0,1169811594.0,1749.2244496227827,172.79911086412892,-0.0016671297582661851,66.0,0.0,594.0,140.0,733.0,623082.2226153549,-0.0011669774562996867,621904.0,401.0
control_20,733578.5,724474406.0,1117.1163370676754,98.93275909974993,-0.011947763267574326,0.0,0.0,338.0,93.0,437.0,358291.16294968635,-0.12424742265283616,356059.0,265.0
control_20,3301.0,156185.0,1897.911463969011,0.5379272020005557,0.0,0.0,0.0,58.0,5.0,61.0,5376.803881925887,0.000867649886907142,1936.0,184.0
control_20,2932.5,8856.0,2983.2591463414633,0.17421505973881635,0.0008335648791330926,0.0,0.0,54.0,11.0,58.0,4053.242790342785,0.0009065232180959276,627.0,205.0
control_21,1060188.5,936642961.0,2026.6553393988513,155.09669352597945,0.03917754931925535,53.0,0.0,601.0,135.0,711.0,559430.1480604518,0.05616863769305335,558193.0,381.0
control_21,917475.0,687391684.0,1629.7072559332853,125.85218116143373,-0.053903862183939985,35.0,0.0,581.0,123.0,716.0,454225.08241825225,-0.0589447167395615,452942.0,499.0
control_21,860799.0,615725094.0,1901.120321673945,126.50736315643235,0.02945262572936927,45.0,0.0,642.0,139.0,768.0,456495.1968745729,0.014423838561510204,455300.0,513.0
control_21,773831.5,525560771.0,1535.3224699356413,114.18921922756321,-0.03639899972214504,39.0,0.0,635.0,125.0,761.0,412194.7631413302,-0.045341475334990396,410967.0,481.0
control_21,1184586.5,958193435.0,1908.3474905367098,132.9494303973326,0.058627396499027505,34.0,0.0,548.0,118.0,654.0,479953.8345387209,0.0364542349373124,478485.0,374.0
control_21,670491.5,500443642.0,1411.311573168113,100.11364267852181,-0.004723534315087524,0.0,0.0,436.0,105.0,536.0,362185.97224844433,-0.07221052589072988,360309.0,337.0
control_21,903.0,116541.0,3500.265134158794,0.279522089469297,0.0,0.0,0.0,2.0,6.0,10.0,4580.613672526664,0.000333067026728423,1006.0,18.0
control_21,2508.0,936585.0,82.34751677637374,0.8307863295359822,-0.005001389274798555,0.0,0.0,2.0,2.0,6.0,6568.55578030845,-0.0011173927045313307,2990.0,13.0
control_22,866382.5,611795181.0,1872.0006895837253,144.9294248402334,-0.0002778549597110308,66.0,0.0,716.0,143.0,813.0,522470.43413263955,0.014095311401387206,521601.0,4.0
control_22,817856.5,689190347.0,1701.518852577603,123.44234509585996,-0.0008335648791330926,22.0,0.0,548.0,144.0,680.0,445709.39402130636,-0.023770564719950992,444269.0,0.0
control_22,1065112.5,938614296.0,1545.1255909147158,187.8241178105029,0.010836343428730202,72.0,0.0,768.0,151.0,838.0,676805.7438686702,-0.027301794287689883,675979.0,0.0
control_22,816456.5,619168067.0,1991.920181897882,132.7560433453737,0.03250903028619061,44.0,0.0,636.0,153.0,736.0,478921.56357030116,0.024837308886623617,477789.0,0.0
control_22,1148965.5,1142898457.0,1720.7918543948126,164.97610447346486,0.03473186996387886,61.0,0.0,702.0,135.0,785.0,594748.755867525,-0.04092698914045701,593749.0,0.0
control_22,596519.5,412607508.0,1290.7309529738368,94.25090302861906,-0.025840511253125868,2.0,0.0,593.0,105.0,675.0,340816.5437821408,-0.07103804483318246,339209.0,0.0
control_23,628022.0,296855065.0,2019.8904664503534,98.33342595165324,0.09058071686579605,40.0,0.0,632.0,128.0,732.0,355135.3135698773,0.03549003964686522,353902.0,359.0
control_23,723820.0,456923423.0,1844.5923930080512,115.89608224506807,-0.13281467074187275,44.0,0.0,632.0,143.0,791.0,418308.2662941031,0.00970688153602482,417110.0,403.0
control_23,816278.5,556608073.0,1778.267434590371,127.17338149485968,0.08696860238955266,55.0,0.0,754.0,132.0,860.0,458581.3010079055,0.007615347938427049,457697.0,438.0
control_23,879165.0,626044576.0,1641.9217858825439,140.15226451792165,-0.06223951097527091,67.0,0.0,714.0,138.0,815.0,505383.03418667533,-0.017256464294480293,504408.0,410.0
control_23,502921.5,276181558.0,2186.50687986922,87.68074465129203,0.057515976660183384,27.0,0.0,652.0,144.0,777.0,316714.59782215965,0.031761246792277285,315563.0,534.0
control_23,559583.5,336102518.0,1284.7538312253882,90.79383161989442,-0.09585996110030565,4.0,0.0,501.0,105.0,583.0,328482.9625154831,-0.07113595919258946,326767.0,232.0
control_24,1600549.5,3141094306.0,1806.8749126041043,225.15448735759932,0.19144206724090024,87.0,0.0,738.0,132.0,848.0,811266.5192002505,0.019641689272764162,810331.0,359.0
control_24,1560519.0,2952131638.0,1473.5563728960653,205.7026951931092,-0.2395109752709086,55.0,0.0,597.0,134.0,710.0,741634.490147341,-0.0390149001297505,740324.0,319.0
control_24,1470733.0,1730470317.0,1699.5861278671098,189.97110308419005,0.0,67.0,0.0,634.0,123.0,747.0,684967.6603483954,-0.013412180690240258,683706.0,374.0
control_24,1035613.5,1148146081.0,1647.840397687165,160.29146985273687,0.10308419005279244,46.0,0.0,563.0,140.0,728.0,578254.419913095,-0.026514485199162975,576889.0,449.0
control_24,1326834.5,1561143218.0,1461.753655676452,195.4378994165046,0.006390664073353709,76.0,0.0,684.0,147.0,804.0,704381.0395945555,-0.07097810912896933,703381.0,391.0
control_24,673671.5,671518910.0,1220.614669807288,107.3751041956099,0.060850236176715755,0.0,0.0,410.0,118.0,576.0,388298.4856020224,-0.09725538739110501,386443.0,464.0
control_25,1248729.5,1128562957.0,1922.4977266864164,171.10502917477078,0.2414559599888858,78.0,0.0,732.0,131.0,808.0,616767.1816978427,0.04518597763780696,615807.0,326.0
control_25,1244582.0,1180645745.0,1729.7512545026789,164.66351764378993,-0.24729091414281745,52.0,0.0,607.0,132.0,717.0,593924.6475874148,-0.012771222564651947,592624.0,343.0
control_25,1298277.5,1125953841.0,1596.930810144108,166.33648235621007,0.21756043345373716,80.0,0.0,720.0,138.0,806.0,599552.6558763452,-0.031006827623983605,598645.0,313.0
control_25,844920.5,708152345.0,1624.4338861138701,125.92581272575715,0.2731314253959433,33.0,0.0,570.0,137.0,708.0,454588.9281389874,-0.024153705953218058,453207.0,432.0
control_25,1160888.0,1059477735.0,1670.3071815039134,160.22339538760767,-0.33398166157265907,61.0,0.0,690.0,134.0,782.0,577669.2596925348,-0.03221663944572835,576644.0,360.0
control_25,641646.5,550456574.0,1177.270004127519,95.89858293970548,-0.013059183106418449,0.0,0.0,419.0,94.0,507.0,347128.13647038204,-0.09127430951190658,345139.0,243.0
control_26,1458119.5,1368467541.0,1618.2911058867417,201.41455959988886,0.23923312031119756,95.0,0.0,701.0,137.0,795.0,725900.4834225604,-0.03431042175749141,724891.0,310.0
control_26,1394837.5,1431363406.0,1598.311452703158,176.27535426507364,-0.08585718255070852,62.0,0.0,592.0,152.0,709.0,635669.1795854991,-0.07959998505143921,634415.0,364.0
control_26,1510074.5,1686984080.0,1686.3118136840983,203.3523200889136,0.2097804945818283,87.0,0.0,670.0,147.0,784.0,732937.5653992095,-0.00882559455958798,731865.0,336.0
control_26,1022557.5,849923175.0,1556.2466188923488,162.41983884412338,0.19699916643512086,56.0,0.0,619.0,137.0,735.0,585771.4467655884,-0.035561641504241945,584549.0,362.0
control_26,1301378.0,1137375292.0,1710.1449691215905,170.3323145318144,0.050569602667407614,85.0,0.0,699.0,146.0,796.0,613975.0077538835,-0.02763604251306907,613026.0,336.0
control_26,996188.0,1140753643.0,1767.4794678275684,134.79966657404836,-0.3584328980272298,0.0,0.0,414.0,112.0,526.0,487054.7478571577,-0.039043244139139226,485144.0,291.0
control_26,226.0,14166.0,3222.554849639983,0.09780494581828286,0.0,0.0,0.0,0.0,5.0,5.0,3939.3653891789963,6.50974844468224e-05,352.0,10.0
control_26,38.0,502.0,1105.0099601593627,0.021116976938038344,0.0,0.0,0.0,0.0,4.0,4.0,3667.661296259747,-6.537551944769954e-06,76.0,8.0
control_26,45574.0,27485090.0,2370.8588592214905,9.104195609891637,0.0,0.0,0.0,41.0,28.0,79.0,36160.68912291612,0.004529476172541888,32766.0,106.0
control_27,1042507.0,810705536.0,1820.6096175738955,152.73353709363712,-0.22117254792998056,67.0,0.0,765.0,139.0,844.0,550475.1516711426,-0.006463051167416508,549688.0,322.0
control_27,911897.5,732467909.0,1699.5079646636095,139.51403167546542,0.14587385384829119,47.0,0.0,611.0,141.0,723.0,503330.8863594786,-0.02416281346420888,502111.0,372.0
control_27,1246640.5,1164149644.0,1609.4825550219384,176.36204501250347,-0.011947763267574326,76.0,0.0,736.0,135.0,796.0,635625.8695808254,-0.03560372008259158,634727.0,330.0
control_27,1071458.5,1053563708.0,1836.7791051806048,163.16560155598776,-0.05140316754654071,54.0,0.0,625.0,147.0,743.0,588402.5758516369,0.006260156604435935,587233.0,366.0
control_27,1456084.0,1374331568.0,1957.7130201174277,194.2089469297027,-0.07891080855793275,96.0,0.0,753.0,143.0,809.0,699803.8865504648,0.031874211564368204,698958.0,224.0
control_28,1226566.5,1131586950.0,1755.5278279976628,220.79272020005558,0.1658794109474854,109.0,0.0,821.0,149.0,897.0,795295.3008134234,-0.002422782594350481,794633.0,354.0
control_28,1055304.5,891604684.0,1761.5756452104956,179.69574881911643,0.27590997499305364,83.0,0.0,723.0,139.0,812.0,647603.5905120142,-0.007774552297419165,646725.0,346.0
control_28,860158.5,736291492.0,1926.5455817109998,163.43345373714922,0.058071686579605444,63.0,0.0,797.0,146.0,895.0,588978.735660573,0.022368883670438586,588197.0,400.0
control_28,950733.0,793662601.0,1637.532810541239,170.20227841066963,0.09891636565712698,68.0,0.0,721.0,149.0,838.0,613486.6699178491,-0.01784806554897626,612558.0,428.0
control_28,1252186.5,1112703793.0,1578.5635930433104,201.28396776882468,-0.1225340372325646,98.0,0.0,809.0,144.0,894.0,725091.5101907997,-0.0386386417416648,724421.0,372.0
control_28,1011271.0,890658108.0,1754.7599371452643,181.59099749930536,0.13559322033898305,71.0,0.0,664.0,151.0,798.0,654547.7465725264,-0.001308958434333203,653546.0,444.0
control_29,1159428.5,1144924018.0,1555.4436467250353,176.66712975826619,-0.060850236176715755,75.0,0.0,779.0,132.0,838.0,636773.9923767208,-0.05189940266713498,635825.0,325.0
control_29,939159.0,754251500.0,1732.6685357761967,145.8082800777994,0.1683801055848847,53.0,0.0,648.0,125.0,749.0,525981.9551850939,-0.006619235335846337,524764.0,367.0
control_29,1042513.5,830629567.0,1947.514922701999,166.42706307307586,-0.1964434565156988,82.0,0.0,755.0,131.0,818.0,599886.7847481518,0.023612418102810083,598971.0,294.0
control_29,945009.0,806518548.0,1845.764021296879,134.49291469852736,-0.012781328146707419,35.0,0.0,605.0,118.0,689.0,485467.89207183185,0.012148063951753926,484040.0,324.0
control_29,1161391.0,1032982064.0,2103.6321766473575,176.40233398166157,0.19227563212003335,79.0,0.0,755.0,135.0,814.0,635765.5693594728,0.05159175140882858,634872.0,232.0
control_29,527035.0,460956076.0,1149.6200848841831,95.92831342039456,-0.13726035009724924,0.0,0.0,431.0,84.0,487.0,347329.2429742847,-0.08338098354277138,345246.0,244.0
control_3,648248.0,431196720.0,2345.4528959357576,99.40372325646013,0.0,12.0,0.0,481.0,98.0,582.0,359459.2689776992,0.08069281281065947,357754.0,314.0
control_3,1054158.0,846399817.0,1809.5938296014542,141.27757710475132,0.31731036398999724,56.0,0.0,641.0,153.0,768.0,509585.05669067067,0.02980540494897674,508458.0,361.0
control_3,939769.5,670413057.0,1754.4031986865077,147.40400111141983,-0.28869130313976105,56.0,0.0,644.0,137.0,759.0,531604.1165130549,-0.0042944302439117945,530507.0,325.0
control_3,1002620.5,796736964.0,1782.5293871240547,148.80716865796055,0.09085857182550708,58.0,0.0,674.0,141.0,788.0,536591.8317792234,-0.005747923797422053,535557.0,393.0
control_3,836200.0,607979496.0,2141.508619703517,124.8213392609058,-0.07446512920255627,40.0,0.0,575.0,142.0,722.0,450524.2599272913,0.056257380884057184,449232.0,427.0
control_3,550550.0,447643936.0,1139.2395167037403,96.68463462072798,0.0,0.0,0.0,404.0,95.0,488.0,350013.662805739,-0.10088636606633485,347968.0,282.0
control_3,3879.0,2081731.0,1112.1685035194268,1.414281744929147,0.0,0.0,0.0,6.0,9.0,17.0,8644.791598396772,-0.0006817509528100021,5090.0,32.0
control_3,4.0,16.0,2094.0,0.0022228396776882466,0.0,0.0,0.0,0.0,1.0,1.0,3605.2462112512353,3.0298356247301187e-07,8.0,2.0
control_3,207.0,26301.0,3038.292802555036,0.10947485412614615,0.0,0.0,0.0,1.0,1.0,4.0,3983.001482172989,6.608758225984435e-05,394.0,10.0
control_3,0.0,0.0,0.0,0.0,0.0,0.0,0.0,0.0,0.0,0.0,3599.0,0.0,0.0,0.0
control_3,0.0,0.0,0.0,0.0,0.0,0.0,0.0,0.0,0.0,0.0,3599.0,0.0,0.0,0.0
control_3,10.0,34.0,1751.0882352941176,0.005557099194220617,0.0,0.0,0.0,0.0,3.0,3.0,3613.8953218919087,-2.0576133274907406e-07,20.0,6.0
control_3,0.0,0.0,0.0,0.0,0.0,0.0,0.0,0.0,0.0,0.0,3599.0,0.0,0.0,0.0
control_3,7.0,49.0,1923.0,0.003889969435954432,0.0,0.0,0.0,0.0,1.0,1.0,3611.142135623731,2.2235084020196792e-07,14.0,2.0
control_3,13.0,67.0,3311.5223880597014,0.007224228952486802,0.0,0.0,0.0,0.0,3.0,3.0,3619.7912462644044,5.095293603031917e-06,26.0,6.0
control_3,6.0,36.0,3373.0,0.0033342595165323703,0.0,0.0,0.0,0.0,1.0,1.0,3609.1655250605963,2.4282409281050115e-06,12.0,2.0
control_3,3.0,9.0,1769.0,0.0016671297582661851,0.0,0.0,0.0,0.0,1.0,1.0,3603.324555320337,-2.3533952433175487e-08,6.0,2.0
control_3,6.0,18.0,2473.5,0.0016671297582661851,0.0,0.0,0.0,0.0,0.0,0.0,3603.324555320337,1.0401235370465698e-06,6.0,2.0
control_30,875003.5,609193419.0,1972.2766627654592,142.46151708808003,-0.001944984717977216,59.0,0.0,765.0,142.0,875.0,513581.4516824499,0.041638429010166886,512719.0,163.0
control_30,790092.0,593756070.0,1886.4625929702074,141.43373159210893,0.6724090025006947,50.0,0.0,729.0,146.0,858.0,509917.2195093191,0.0064886849142503766,509020.0,353.0
control_30,756798.5,621414986.0,1720.394266581141,136.3025840511253,-0.3703806612948041,44.0,0.0,724.0,139.0,822.0,491523.1925024735,-0.018587667586496985,490553.0,240.0
control_30,622316.0,445270523.0,1594.0828481408369,117.02695193109197,0.0066685190330647405,23.0,0.0,604.0,129.0,738.0,422445.3459343409,-0.028737196533219923,421180.0,152.0
control_30,849040.5,888956904.0,2275.9640575624576,133.88746874131704,-0.006390664073353709,23.0,0.0,608.0,118.0,681.0,483196.90056269243,0.09877354260083922,481861.0,130.0
control_30,847986.5,639123858.0,1651.0351835121135,137.44679077521533,0.12920255626562935,36.0,0.0,637.0,127.0,737.0,495899.0643176037,-0.0233720915667766,494671.0,100.0
control_31,1246874.5,1861102511.0,1484.7240191005255,166.36593498193943,-0.0891914420672409,43.0,0.0,663.0,127.0,784.0,599897.5118321581,-0.05553009752032646,598751.0,467.0
control_31,1106624.0,1071090472.0,1762.6940450684917,156.2845234787441,0.09224784662406224,49.0,0.0,633.0,146.0,759.0,563649.7600093451,-0.0002193891630187172,562468.0,403.0
control_31,1256944.5,1802323791.0,1755.6014630747334,168.63823284245623,-0.03917754931925535,53.0,0.0,653.0,143.0,782.0,608038.9650206219,0.005945904136772424,606929.0,399.0
control_31,1219209.0,1231483684.0,1782.7022469548203,164.97693803834397,0.2233953876076688,49.0,0.0,629.0,145.0,757.0,594939.1699191028,-0.01579118306001926,593752.0,350.0
control_31,1829821.5,1972551602.0,1646.0388738276465,216.23034176160044,-0.25479299805501526,107.0,0.0,696.0,138.0,792.0,779207.8303605481,-0.07217760922152339,778213.0,269.0
control_31,859450.0,904430960.0,1326.3721353059386,113.64378994165045,0.0,0.0,0.0,468.0,95.0,537.0,410861.7333467963,-0.10631012780170741,409004.0,226.0
control_31,667.0,143881.0,1501.3506717356704,0.3623228674631842,0.0,0.0,0.0,1.0,7.0,10.0,4881.834963553798,-6.145075062634406e-05,1304.0,20.0
control_31,48.0,824.0,1243.0194174757282,0.025006946373992776,0.0,0.0,0.0,0.0,6.0,6.0,3678.0929329844157,-2.9609055782591718e-06,90.0,12.0
control_31,51057.0,77318833.0,1124.303472247182,6.337315921089192,0.0,0.0,0.0,12.0,3.0,15.0,26349.7008365027,-0.008766893037568908,22808.0,8.0
control_31,6783.0,6467089.0,397.84976594569827,0.8146707418727425,0.0,0.0,0.0,0.0,1.0,1.0,6520.040896985401,-0.0024460283523170044,2932.0,2.0
control_31,0.0,0.0,0.0,0.0,0.0,0.0,0.0,0.0,0.0,0.0,3599.0,0.0,0.0,0.0
control_31,17.0,145.0,2474.558620689655,0.005001389274798555,0.0,0.0,0.0,0.0,1.0,1.0,3614.531856448809,2.9515177174524996e-06,18.0,2.0
control_31,0.0,0.0,0.0,0.0,0.0,0.0,0.0,0.0,0.0,0.0,3599.0,0.0,0.0,0.0
control_31,0.0,0.0,0.0,0.0,0.0,0.0,0.0,0.0,0.0,0.0,3599.0,0.0,0.0,0.0
control_32,476902.0,317744020.0,1720.3537332000772,80.48346762989719,0.0,20.0,0.0,572.0,144.0,765.0,291022.824732068,0.01775653223430034,289660.0,682.0
control_32,515043.5,324145749.0,1968.2318928112797,84.54209502639623,0.009724923589886079,23.0,0.0,596.0,141.0,782.0,305563.8274243103,0.019119193733476897,304267.0,647.0
control_32,582458.0,439493296.0,2044.0016548580072,87.60655737704919,-0.0033342595165323703,23.0,0.0,615.0,148.0,794.0,316499.6696743663,0.029998499999884284,315296.0,735.0
control_32,784302.0,615064104.0,2049.484245694169,121.28869130313976,0.0,39.0,0.0,667.0,141.0,815.0,437615.248322877,0.04664854912411648,436518.0,548.0
control_32,591911.0,430098409.0,1917.2454343140805,102.8969158099472,0.0,27.0,0.0,584.0,128.0,765.0,371647.4655130303,0.0075901437183752965,370326.0,636.0
control_32,510751.0,334152359.0,1193.911410186992,80.40733537093637,0.0,9.0,0.0,494.0,103.0,611.0,291075.7967198637,-0.06870414354713043,289386.0,380.0
control_32,55972.0,62733546.0,2414.3630533175983,6.4912475687691025,0.0,0.0,0.0,16.0,12.0,33.0,26852.730762908934,0.009178752251446936,23362.0,36.0
control_32,35.0,1225.0,3551.0,0.019449847179772158,0.0,0.0,0.0,0.0,1.0,1.0,3667.0285656000465,1.5767105126062644e-05,70.0,2.0
control_32,51.0,2405.0,1206.6203742203743,0.028341205890525144,0.0,0.0,0.0,0.0,2.0,2.0,3697.492541993742,-7.593236182605686e-06,102.0,4.0
control_32,4765.0,3004623.0,395.67130252281237,0.6963045290358433,0.0,0.0,0.0,2.0,1.0,3.0,6095.039752859627,-0.0017202139959012865,2506.0,2.0
control_32,0.0,0.0,0.0,0.0,0.0,0.0,0.0,0.0,0.0,0.0,3599.0,0.0,0.0,0.0
control_32,14.0,116.0,2472.862068965517,0.005557099194220617,0.0,0.0,0.0,0.0,1.0,1.0,3616.2557437770365,2.424125701450029e-06,20.0,2.0
control_32,0.0,0.0,0.0,0.0,0.0,0.0,0.0,0.0,0.0,0.0,3599.0,0.0,0.0,0.0
control_32,0.0,0.0,0.0,0.0,0.0,0.0,0.0,0.0,0.0,0.0,3599.0,0.0,0.0,0.0
control_4,845576.0,836475399.0,1461.6676658986835,148.27785495971102,-0.008335648791330925,40.0,0.0,586.0,140.0,738.0,534926.1752842912,-0.04044848164468738,533652.0,529.0
control_4,712683.5,729998584.0,1637.1118899868989,138.68602389552655,0.19588774659627675,18.0,0.0,501.0,160.0,675.0,500678.0694811757,-0.021857121028070053,499131.0,557.0
control_4,702233.5,580761405.0,2083.243569341527,139.9591553209225,-0.13753820505696027,46.0,0.0,686.0,151.0,829.0,504786.1225031838,0.043997023585161305,503713.0,529.0
control_4,912148.5,895711255.0,1958.453627429299,150.9544317866074,0.10252848013337038,60.0,0.0,619.0,137.0,740.0,544442.3941615797,0.01275787919942485,543285.0,371.0
control_4,677034.0,603555614.0,1873.73357023401,129.85273687135316,-0.20227841066963045,27.0,0.0,534.0,141.0,705.0,468764.4329328381,0.01667387680096785,467340.0,565.0
control_4,393166.5,348263368.0,1337.2052321075582,78.39872186718533,0.0008335648791330926,0.0,0.0,399.0,97.0,515.0,284266.2042226547,-0.05031303037394786,282157.0,611.0
control_4,12604.0,146679.0,1508.014166990503,0.3634342873020283,0.0,0.0,0.0,1.0,13.0,16.0,4862.154365633638,-0.0002699389354376747,1308.0,0.0
control_4,69001.5,51434613.0,2166.739475516225,7.2784106696304525,-0.0008335648791330926,0.0,0.0,106.0,19.0,128.0,29442.69954251308,0.005205826661972224,26195.0,249.0
control_5,1234929.0,1044638443.0,1669.6726921220531,156.342317310364,0.0,64.0,0.0,692.0,127.0,764.0,563777.6478797329,-0.00895626753777782,562676.0,242.0
control_5,1073083.5,925574508.0,2039.6436736684627,137.76410113920534,0.13475965545984997,58.0,0.0,654.0,131.0,774.0,497006.6217248061,0.04545391348667035,495813.0,405.0
control_5,1136489.5,880953568.0,1866.1568304017585,144.8610725201445,-0.19144206724090024,70.0,0.0,731.0,124.0,810.0,522333.5076574416,0.01121532519665579,521355.0,319.0
control_5,1190910.0,953127919.0,1918.6339957060895,148.2900805779383,0.02278410669630453,67.0,0.0,680.0,119.0,742.0,534850.5144084943,-0.003103476705515138,533696.0,243.0
control_5,953127.5,856657798.0,1639.4299841381937,141.47290914142818,-0.10030564045568213,44.0,0.0,618.0,131.0,727.0,510451.9359415871,-0.02502098315491131,509161.0,373.0
control_5,591819.0,506523721.0,706.4318277761369,75.22811892192276,0.0,0.0,0.0,340.0,72.0,403.0,273064.9930703966,-0.15885703656304306,270746.0,254.0
control_5,6993.5,27773.0,1917.7530695279588,0.26979716587941094,0.0008335648791330926,0.0,0.0,68.0,10.0,78.0,4383.555314603987,0.0007996840894817973,971.0,209.0
control_5,13876.0,68710.0,1980.6200989666715,0.08835787718810781,0.0005557099194220616,0.0,0.0,1.0,4.0,9.0,3890.467323965512,0.00029039739895041726,318.0,2.0
control_5,31987.0,10464596.0,1008.0240734568252,3.450402889691581,0.0,0.0,0.0,77.0,13.0,97.0,15756.752307369985,-0.005333863323086166,12418.0,170.0
control_5,12680.0,49302.0,1619.4557218774087,0.08335648791330925,-0.0005557099194220616,0.0,0.0,35.0,1.0,29.0,3804.7497924236022,-0.000288561236257297,300.0,66.0
control_5,11387.0,37150.0,1785.1931090174967,0.008891358710752986,0.0,0.0,0.0,2.0,0.0,3.0,3620.0097904156714,-1.5361883901379516e-05,32.0,4.0
control_5,45603.0,14725366.0,1267.6460265911217,5.389274798555154,0.0,0.0,0.0,49.0,17.0,71.0,22775.43236671279,-0.005102384910163448,19396.0,40.0
control_5,5842.5,17532.0,1386.3300821355235,0.11586551819949986,-0.0008335648791330926,0.0,0.0,25.0,4.0,44.0,3899.5565947634045,-0.0006210301405115854,417.0,139.0
control_6,1271026.5,1300460286.0,1913.1827039591735,185.29119199777716,-0.005279244234509586,79.0,0.0,775.0,133.0,853.0,667733.3162327341,0.0266841648676054,666863.0,311.0
control_6,1340816.0,1543751879.0,1715.1373684106136,202.206724090025,0.603500972492359,77.0,0.0,697.0,136.0,775.0,728832.1627003306,-0.0354700267852387,727742.0,294.0
control_6,1149576.0,1175869785.0,1765.6507629524642,176.5668241178105,-0.7429841622672965,70.0,0.0,680.0,139.0,792.0,636493.0962342498,-0.0031494810814928754,635464.0,407.0
control_6,1151950.0,1113250252.0,1622.0289816588338,176.19505418171715,0.0,66.0,0.0,646.0,145.0,767.0,635290.6763896841,-0.04510721901547472,634126.0,372.0
control_6,1485065.0,1734595878.0,2198.05128579465,191.23756599055292,-0.015004167824395665,69.0,0.0,623.0,135.0,754.0,689502.259291124,0.10220748628144191,688264.0,349.0
control_6,747280.5,1046539248.0,1932.9244719487099,108.65934981939428,0.0008335648791330926,0.0,0.0,372.0,88.0,443.0,393244.25531850645,-0.08412740952629193,391065.0,207.0
control_6,529818.0,996532168.0,1097.8761404990591,60.62795220894693,0.0005557099194220616,0.0,0.0,182.0,57.0,260.0,220957.0600894136,-0.07334116769607779,218200.0,38.0
control_6,73608.0,121650007.0,3404.986236622247,7.564879133092526,-0.0011114198388441233,0.0,0.0,80.0,27.0,94.0,30531.619714854372,0.018316745369090445,27226.0,0.0
control_6,11426.0,37672.0,1998.5130600976852,0.021672686857460405,0.0005557099194220616,0.0,0.0,6.0,3.0,11.0,3656.625483228787,0.0002454637535080057,78.0,0.0
control_6,16460.0,2920712.0,410.510531678577,0.6540705751597666,-0.0005557099194220616,0.0,0.0,20.0,1.0,18.0,5889.404108882165,-0.002108764566005496,2354.0,60.0
control_6,14312.0,60528.0,2022.5486386465768,0.010558488469019172,0.0005557099194220616,0.0,0.0,2.0,0.0,0.0,3622.485291572496,0.0004340499306108493,38.0,0.0
control_6,18502.0,97135.0,1939.9620631080454,0.009447068630175049,0.0,0.0,0.0,0.0,1.0,1.0,3626.507129899373,0.00028579953336930564,34.0,0.0
control_6,19910.0,116383.0,1785.8568863150117,0.026674076132258962,0.0,0.0,0.0,8.0,0.0,6.0,3662.0986078125757,-4.65860375452189e-05,96.0,8.0
control_6,17117.0,84932.0,1726.7334338058681,0.11558766323978883,0.0,0.0,0.0,31.0,4.0,23.0,3867.681120259959,-0.00010648894854595772,416.0,8.0
control_7,1658016.5,2009948799.0,1574.981048105793,206.20755765490415,-0.03473186996387886,96.0,0.0,758.0,145.0,851.0,742998.0593190703,-0.05626424058108856,742141.0,439.0
control_7,1470555.0,1843453730.0,1783.9165637376752,218.08669074742986,0.028341205890525144,90.0,0.0,690.0,138.0,821.0,785914.619767863,-0.0015278051590384685,784894.0,443.0
control_7,1301001.5,1286808846.0,1819.718337763121,184.19533203667686,-0.008057793831619895,80.0,0.0,726.0,133.0,839.0,663830.5974691142,-0.00029424487867119064,662919.0,355.0
control_7,1544085.5,3753431148.0,1975.0813555610746,177.4934704084468,0.08808002222839678,69.0,0.0,661.0,146.0,833.0,639852.775840559,0.041366419601318385,638799.0,561.0
control_7,1523345.5,1903947075.0,1777.7995403065497,214.87552097804945,-0.2531258682967491,99.0,0.0,715.0,130.0,840.0,774307.0291991549,-0.035816093427167656,773337.0,432.0
control_7,742502.5,793000918.0,1206.8448980673186,112.82328424562378,0.0008335648791330926,0.0,0.0,426.0,94.0,542.0,407960.14143000165,-0.10898517070358835,406051.0,359.0
control_7,19980.5,122915.0,1972.131440426311,0.3475965545984996,-0.0013892747985551543,0.0,0.0,269.0,13.0,252.0,4445.514590272198,0.0006348839224447471,1251.0,74.0
control_7,54774.5,42674145.0,3420.183350152651,5.507363156432342,-0.0008335648791330926,0.0,0.0,112.0,17.0,150.0,23081.57650997235,0.013299821370871,19821.0,0.0
control_7,18089.0,99590.0,1742.338538005824,0.052236732425673796,0.0,0.0,0.0,0.0,2.0,2.0,3783.839179502129,-1.4373457899186654e-05,188.0,0.0
control_7,16445.0,2847183.0,411.3779001911714,0.6512920255626563,-0.0005557099194220616,0.0,0.0,25.0,1.0,22.0,5865.597867982711,-0.002109591597962315,2344.0,64.0
control_7,10719.0,32166.0,1795.5263010632345,0.021672686857460405,0.0,0.0,0.0,6.0,0.0,5.0,3655.219219164378,-1.0958334178883529e-05,78.0,26.0
control_7,11578.0,40505.0,1493.777706455993,0.04390108363434287,0.0,0.0,0.0,9.0,1.0,14.0,3713.574569338341,-0.00038830288489991445,158.0,46.0
control_7,8329.5,24993.0,1638.9013323730644,0.08252292303417616,-0.0008335648791330926,0.0,0.0,19.0,2.0,32.0,3813.0654883566694,-0.00034412232593536505,297.0,99.0
control_7,6465.0,19395.0,1858.6668213457076,0.4367879966657405,0.0,0.0,0.0,168.0,2.0,167.0,4732.03349392823,9.838310944314123e-05,1572.0,524.0
control_8,1203679.5,1040442285.0,2129.126860298647,186.6949152542373,0.020839121978327314,83.0,0.0,745.0,127.0,825.0,672874.6224721083,0.10758137880000358,671915.0,542.0
control_8,1511888.0,1566640817.0,1762.0595969222727,216.57293692692414,0.14003889969435954,112.0,0.0,746.0,149.0,854.0,780285.2791147538,-0.025383408465797896,779446.0,366.0
control_8,1485757.0,1395742972.0,1797.3719716412083,219.37982772992498,0.04223395387607669,118.0,0.0,820.0,140.0,903.0,790240.5911356879,0.011592265297757014,789548.0,312.0
control_8,1507803.0,1565722103.0,1832.260004531596,208.13059183106418,-0.07446512920255627,94.0,0.0,684.0,137.0,794.0,750090.4510194105,-0.009946788704741857,749062.0,351.0
control_8,1794439.5,2215779915.0,1602.5741885479633,259.26229508196724,0.3487079744373437,129.0,0.0,734.0,149.0,849.0,933868.1107698926,-0.031836077687968936,933085.0,389.0
control_8,872964.0,659009536.0,1292.8980856947721,119.80161155876633,-0.17893859405390386,16.0,0.0,515.0,115.0,600.0,432867.9934259255,-0.10375155893144754,431166.0,239.0
control_8,20197.0,8216203.0,2894.312301314853,3.4087246457349263,0.0,0.0,0.0,179.0,12.0,186.0,15451.870875847104,0.004238243511181343,12268.0,414.0
control_8,756.0,291900.0,3522.4006783144914,0.3951097527090859,0.0,0.0,0.0,1.0,1.0,2.0,5016.089142962608,0.00033492749497897355,1422.0,2.0
control_9,338132.0,185464203.0,2687.0844030586322,59.699360933592665,0.20116699083078632,0.0,0.0,514.0,80.0,582.0,216801.0419546454,0.07186428653788222,214858.0,212.0
control_9,468555.5,272930524.0,1399.3872666840298,93.20783550986386,-0.33926090580716867,16.0,0.0,544.0,144.0,711.0,336837.3991295359,-0.043537022906663336,335455.0,469.0
control_9,550528.5,327319639.0,1837.839809437771,101.57238121700472,0.04362322867463184,27.0,0.0,619.0,141.0,776.0,366757.81362817355,0.00781690968237475,365559.0,673.0
control_9,568527.5,455158901.0,1954.2374412535107,97.37621561544874,-0.005834954153931648,17.0,0.0,596.0,145.0,762.0,351698.41560378287,-0.00824408332644677,350457.0,614.0
control_9,639341.5,427487094.0,1552.0145780962455,114.7204779105307,0.07085301472631286,30.0,0.0,696.0,135.0,826.0,413880.5707465965,-0.029459113898594187,412879.0,394.0
control_9,445720.0,245550482.0,1921.8776057096072,83.8766323978883,0.0333425951653237,18.0,0.0,631.0,155.0,752.0,303140.67867064185,0.005371612811595647,301872.0,416.0
control_9,62063.0,19106686.0,196.31747070109384,6.282300639066407,-0.1467074187274243,0.0,0.0,131.0,14.0,138.0,25871.186817525268,-0.01696261987880299,22610.0,2.0
control_9,27971.5,2487183.0,3475.45833619802,0.9083078632953598,0.07029730480689081,0.0,0.0,144.0,0.0,142.0,6619.853568564409,0.0016664277263190137,3269.0,0.0
